id,book,chapter,verse,document_text,authentic
49001001,Ephesians,1,1,"Paul, an apostle of Jesus Christ by the will of God, to the saints which are at Ephesus, and to the faithful in Christ Jesus:",0.911170483
49001002,Ephesians,1,2,"Grace be to you, and peace, from God our Father, and from the Lord Jesus Christ.",0.989841998
49001003,Ephesians,1,3,"Blessed be the God and Father of our Lord Jesus Christ, who hath blessed us with all spiritual blessings in heavenly places in Christ:",0.009017557
49001004,Ephesians,1,4,"According as he hath chosen us in him before the foundation of the world, that we should be holy and without blame before him in love:",0.004962702
49001005,Ephesians,1,5,"Having predestinated us unto the adoption of children by Jesus Christ to himself, according to the good pleasure of his will,",0.98541981
49001006,Ephesians,1,6,"To the praise of the glory of his grace, wherein he hath made us accepted in the beloved.",0.788329422
49001007,Ephesians,1,7,"In whom we have redemption through his blood, the forgiveness of sins, according to the riches of his grace;",0.394385099
49001008,Ephesians,1,8,Wherein he hath abounded toward us in all wisdom and prudence;,0.583160639
49001009,Ephesians,1,9,"Having made known unto us the mystery of his will, according to his good pleasure which he hath purposed in himself:",0.991171062
49001010,Ephesians,1,10,"That in the dispensation of the fulness of times he might gather together in one all things in Christ, both which are in heaven, and which are on earth; even in him:",0.989519119
49001011,Ephesians,1,11,"In whom also we have obtained an inheritance, being predestinated according to the purpose of him who worketh all things after the counsel of his own will:",0.701425135
49001012,Ephesians,1,12,"That we should be to the praise of his glory, who first trusted in Christ.",0.100661695
49001013,Ephesians,1,13,"In whom ye also trusted, after that ye heard the word of truth, the gospel of your salvation: in whom also after that ye believed, ye were sealed with that holy Spirit of promise,",0.413610786
49001014,Ephesians,1,14,"Which is the earnest of our inheritance until the redemption of the purchased possession, unto the praise of his glory.",0.973866642
49001015,Ephesians,1,15,"Wherefore I also, after I heard of your faith in the Lord Jesus, and love unto all the saints,",0.651398897
49001016,Ephesians,1,16,"Cease not to give thanks for you, making mention of you in my prayers;",0.98683399
49001017,Ephesians,1,17,"That the God of our Lord Jesus Christ, the Father of glory, may give unto you the spirit of wisdom and revelation in the knowledge of him:",0.002140278
49001018,Ephesians,1,18,"The eyes of your understanding being enlightened; that ye may know what is the hope of his calling, and what the riches of the glory of his inheritance in the saints,",0.011927502
49001019,Ephesians,1,19,"And what is the exceeding greatness of his power to us-ward who believe, according to the working of his mighty power,",0.292286515
49001020,Ephesians,1,20,"Which he wrought in Christ, when he raised him from the dead, and set him at his own right hand in the heavenly places,",0.020266598
49001021,Ephesians,1,21,"Far above all principality, and power, and might, and dominion, and every name that is named, not only in this world, but also in that which is to come:",0.094424106
49001022,Ephesians,1,22,"And hath put all things under his feet, and gave him to be the head over all things to the church,",0.974942744
49001023,Ephesians,1,23,"Which is his body, the fulness of him that filleth all in all.",0.950742006
49002001,Ephesians,2,1,"And you hath he quickened, who were dead in trespasses and sins;",0.126915634
49002002,Ephesians,2,2,"Wherein in time past ye walked according to the course of this world, according to the prince of the power of the air, the spirit that now worketh in the children of disobedience:",0.001540199
49002003,Ephesians,2,3,"Among whom also we all had our conversation in times past in the lusts of our flesh, fulfilling the desires of the flesh and of the mind; and were by nature the children of wrath, even as others.",0.010387256
49002004,Ephesians,2,4,"But God, who is rich in mercy, for his great love wherewith he loved us,",0.037535563
49002005,Ephesians,2,5,"Even when we were dead in sins, hath quickened us together with Christ, (by grace ye are saved;)",0.986133277
49002006,Ephesians,2,6,"And hath raised us up together, and made us sit together in heavenly places in Christ Jesus:",0.997533441
49002007,Ephesians,2,7,That in the ages to come he might shew the exceeding riches of his grace in his kindness toward us through Christ Jesus.,0.069902956
49002008,Ephesians,2,8,For by grace are ye saved through faith; and that not of yourselves: it is the gift of God:,0.980536819
49002009,Ephesians,2,9,"Not of works, lest any man should boast.",0.99356997
49002010,Ephesians,2,10,"For we are his workmanship, created in Christ Jesus unto good works, which God hath before ordained that we should walk in them.",0.626594782
49002011,Ephesians,2,11,"Wherefore remember, that ye being in time past Gentiles in the flesh, who are called Uncircumcision by that which is called the Circumcision in the flesh made by hands;",0.998347521
49002012,Ephesians,2,12,"That at that time ye were without Christ, being aliens from the commonwealth of Israel, and strangers from the covenants of promise, having no hope, and without God in the world:",0.935677826
49002013,Ephesians,2,13,But now in Christ Jesus ye who sometimes were far off are made nigh by the blood of Christ.,0.996583581
49002014,Ephesians,2,14,"For he is our peace, who hath made both one, and hath broken down the middle wall of partition between us;",0.983900666
49002015,Ephesians,2,15,"Having abolished in his flesh the enmity, even the law of commandments contained in ordinances; for to make in himself of twain one new man, so making peace;",0.961567163
49002016,Ephesians,2,16,"And that he might reconcile both unto God in one body by the cross, having slain the enmity thereby:",0.666903675
49002017,Ephesians,2,17,"And came and preached peace to you which were afar off, and to them that were nigh.",0.15916352
49002018,Ephesians,2,18,For through him we both have access by one Spirit unto the Father.,0.999469697
49002019,Ephesians,2,19,"Now therefore ye are no more strangers and foreigners, but fellowcitizens with the saints, and of the household of God;",0.999042571
49002020,Ephesians,2,20,"And are built upon the foundation of the apostles and prophets, Jesus Christ himself being the chief corner stone;",0.048094422
49002021,Ephesians,2,21,In whom all the building fitly framed together groweth unto an holy temple in the Lord:,0.983242512
49002022,Ephesians,2,22,In whom ye also are builded together for an habitation of God through the Spirit.,0.997531235
49003001,Ephesians,3,1,"For this cause I Paul, the prisoner of Jesus Christ for you Gentiles,",0.99985373
49003002,Ephesians,3,2,If ye have heard of the dispensation of the grace of God which is given me to you-ward:,0.998035848
49003003,Ephesians,3,3,"How that by revelation he made known unto me the mystery; (as I wrote afore in few words,",0.966070473
49003004,Ephesians,3,4,"Whereby, when ye read, ye may understand my knowledge in the mystery of Christ)",0.980773509
49003005,Ephesians,3,5,"Which in other ages was not made known unto the sons of men, as it is now revealed unto his holy apostles and prophets by the Spirit;",0.011288223
49003006,Ephesians,3,6,"That the Gentiles should be fellowheirs, and of the same body, and partakers of his promise in Christ by the gospel:",0.723405957
49003007,Ephesians,3,7,"Whereof I was made a minister, according to the gift of the grace of God given unto me by the effectual working of his power.",0.990297616
49003008,Ephesians,3,8,"Unto me, who am less than the least of all saints, is this grace given, that I should preach among the Gentiles the unsearchable riches of Christ;",0.999744594
49003009,Ephesians,3,9,"And to make all men see what is the fellowship of the mystery, which from the beginning of the world hath been hid in God, who created all things by Jesus Christ:",0.159907669
49003010,Ephesians,3,10,"To the intent that now unto the principalities and powers in heavenly places might be known by the church the manifold wisdom of God,",0.998866439
49003011,Ephesians,3,11,According to the eternal purpose which he purposed in Christ Jesus our Lord:,0.044766564
49003012,Ephesians,3,12,In whom we have boldness and access with confidence by the faith of him.,0.944840431
49003013,Ephesians,3,13,"Wherefore I desire that ye faint not at my tribulations for you, which is your glory.",0.998347878
49003014,Ephesians,3,14,"For this cause I bow my knees unto the Father of our Lord Jesus Christ,",0.981891453
49003015,Ephesians,3,15,"Of whom the whole family in heaven and earth is named,",0.990035594
49003016,Ephesians,3,16,"That he would grant you, according to the riches of his glory, to be strengthened with might by his Spirit in the inner man;",0.983825088
49003017,Ephesians,3,17,"That Christ may dwell in your hearts by faith; that ye, being rooted and grounded in love,",0.942273855
49003018,Ephesians,3,18,"May be able to comprehend with all saints what is the breadth, and length, and depth, and height;",0.999340117
49003019,Ephesians,3,19,"And to know the love of Christ, which passeth knowledge, that ye might be filled with all the fulness of God.",0.783244908
49003020,Ephesians,3,20,"Now unto him that is able to do exceeding abundantly above all that we ask or think, according to the power that worketh in us,",0.867717326
49003021,Ephesians,3,21,"Unto him be glory in the church by Christ Jesus throughout all ages, world without end. Amen.",0.636943519
49004001,Ephesians,4,1,"I therefore, the prisoner of the Lord, beseech you that ye walk worthy of the vocation wherewith ye are called,",0.999376595
49004002,Ephesians,4,2,"With all lowliness and meekness, with longsuffering, forbearing one another in love;",0.231861487
49004003,Ephesians,4,3,Endeavouring to keep the unity of the Spirit in the bond of peace.,0.994457364
49004004,Ephesians,4,4,"There is one body, and one Spirit, even as ye are called in one hope of your calling;",0.983117938
49004005,Ephesians,4,5,"One Lord, one faith, one baptism,",0.995903671
49004006,Ephesians,4,6,"One God and Father of all, who is above all, and through all, and in you all.",0.012700326
49004007,Ephesians,4,7,But unto every one of us is given grace according to the measure of the gift of Christ.,0.999732792
49004008,Ephesians,4,8,"Wherefore he saith, When he ascended up on high, he led captivity captive, and gave gifts unto men.",0.265420765
49004009,Ephesians,4,9,"(Now that he ascended, what is it but that he also descended first into the lower parts of the earth?",0.998023272
49004010,Ephesians,4,10,"He that descended is the same also that ascended up far above all heavens, that he might fill all things.)",0.012461308
49004011,Ephesians,4,11,"And he gave some, apostles; and some, prophets; and some, evangelists; and some, pastors and teachers;",0.925925791
49004012,Ephesians,4,12,"For the perfecting of the saints, for the work of the ministry, for the edifying of the body of Christ:",0.999426246
49004013,Ephesians,4,13,"Till we all come in the unity of the faith, and of the knowledge of the Son of God, unto a perfect man, unto the measure of the stature of the fulness of Christ:",0.977803469
49004014,Ephesians,4,14,"That we henceforth be no more children, tossed to and fro, and carried about with every wind of doctrine, by the sleight of men, and cunning craftiness, whereby they lie in wait to deceive;",0.021286367
49004015,Ephesians,4,15,"But speaking the truth in love, may grow up into him in all things, which is the head, even Christ:",0.004613153
49004016,Ephesians,4,16,"From whom the whole body fitly joined together and compacted by that which every joint supplieth, according to the effectual working in the measure of every part, maketh increase of the body unto the edifying of itself in love.",0.946468711
49004017,Ephesians,4,17,"This I say therefore, and testify in the Lord, that ye henceforth walk not as other Gentiles walk, in the vanity of their mind,",0.152471676
49004018,Ephesians,4,18,"Having the understanding darkened, being alienated from the life of God through the ignorance that is in them, because of the blindness of their heart:",0.00594468
49004019,Ephesians,4,19,"Who being past feeling have given themselves over unto lasciviousness, to work all uncleanness with greediness.",0.004099187
49004020,Ephesians,4,20,But ye have not so learned Christ;,0.999440014
49004021,Ephesians,4,21,"If so be that ye have heard him, and have been taught by him, as the truth is in Jesus:",0.002196924
49004022,Ephesians,4,22,"That ye put off concerning the former conversation the old man, which is corrupt according to the deceitful lusts;",0.000373275
49004023,Ephesians,4,23,And be renewed in the spirit of your mind;,0.887925148
49004024,Ephesians,4,24,"And that ye put on the new man, which after God is created in righteousness and true holiness.",0.021156769
49004025,Ephesians,4,25,"Wherefore putting away lying, speak every man truth with his neighbour: for we are members one of another.",0.054930732
49004026,Ephesians,4,26,"Be ye angry, and sin not: let not the sun go down upon your wrath:",0.000701806
49004027,Ephesians,4,27,Neither give place to the devil.,0.998664021
49004028,Ephesians,4,28,"Let him that stole steal no more: but rather let him labour, working with his hands the thing which is good, that he may have to give to him that needeth.",0.168248564
49004029,Ephesians,4,29,"Let no corrupt communication proceed out of your mouth, but that which is good to the use of edifying, that it may minister grace unto the hearers.",0.078232832
49004030,Ephesians,4,30,"And grieve not the holy Spirit of God, whereby ye are sealed unto the day of redemption.",0.420673877
49004031,Ephesians,4,31,"Let all bitterness, and wrath, and anger, and clamour, and evil speaking, be put away from you, with all malice:",0.002429968
49004032,Ephesians,4,32,"And be ye kind one to another, tenderhearted, forgiving one another, even as God for Christ's sake hath forgiven you.",0.099731579
49005001,Ephesians,5,1,"Be ye therefore followers of God, as dear children;",0.754527986
49005002,Ephesians,5,2,"And walk in love, as Christ also hath loved us, and hath given himself for us an offering and a sacrifice to God for a sweetsmelling savour.",0.002424764
49005003,Ephesians,5,3,"But fornication, and all uncleanness, or covetousness, let it not be once named among you, as becometh saints;",0.941529632
49005004,Ephesians,5,4,"Neither filthiness, nor foolish talking, nor jesting, which are not convenient: but rather giving of thanks.",0.329252809
49005005,Ephesians,5,5,"For this ye know, that no whoremonger, nor unclean person, nor covetous man, who is an idolater, hath any inheritance in the kingdom of Christ and of God.",0.61216104
49005006,Ephesians,5,6,Let no man deceive you with vain words: for because of these things cometh the wrath of God upon the children of disobedience.,0.039982241
49005007,Ephesians,5,7,Be not ye therefore partakers with them.,0.98889637
49005008,Ephesians,5,8,"For ye were sometimes darkness, but now are ye light in the Lord: walk as children of light:",0.953370392
49005009,Ephesians,5,9,(For the fruit of the Spirit is in all goodness and righteousness and truth;),0.98806119
49005010,Ephesians,5,10,Proving what is acceptable unto the Lord.,0.998950839
49005011,Ephesians,5,11,"And have no fellowship with the unfruitful works of darkness, but rather reprove them.",0.017679632
49005012,Ephesians,5,12,For it is a shame even to speak of those things which are done of them in secret.,0.999577463
49005013,Ephesians,5,13,But all things that are reproved are made manifest by the light: for whatsoever doth make manifest is light.,0.998332798
49005014,Ephesians,5,14,"Wherefore he saith, Awake thou that sleepest, and arise from the dead, and Christ shall give thee light.",0.732042372
49005015,Ephesians,5,15,"See then that ye walk circumspectly, not as fools, but as wise,",0.254078418
49005016,Ephesians,5,16,"Redeeming the time, because the days are evil.",0.079263486
49005017,Ephesians,5,17,"Wherefore be ye not unwise, but understanding what the will of the Lord is.",0.606547356
49005018,Ephesians,5,18,"And be not drunk with wine, wherein is excess; but be filled with the Spirit;",0.976725399
49005019,Ephesians,5,19,"Speaking to yourselves in psalms and hymns and spiritual songs, singing and making melody in your heart to the Lord;",0.033259202
49005020,Ephesians,5,20,Giving thanks always for all things unto God and the Father in the name of our Lord Jesus Christ;,0.037320208
49005021,Ephesians,5,21,Submitting yourselves one to another in the fear of God.,0.861881018
49005022,Ephesians,5,22,"Wives, submit yourselves unto your own husbands, as unto the Lord.",0.741543174
49005023,Ephesians,5,23,"For the husband is the head of the wife, even as Christ is the head of the church: and he is the saviour of the body.",0.82583046
49005024,Ephesians,5,24,"Therefore as the church is subject unto Christ, so let the wives be to their own husbands in every thing.",0.999575317
49005025,Ephesians,5,25,"Husbands, love your wives, even as Christ also loved the church, and gave himself for it;",0.046313968
49005026,Ephesians,5,26,"That he might sanctify and cleanse it with the washing of water by the word,",0.775347888
49005027,Ephesians,5,27,"That he might present it to himself a glorious church, not having spot, or wrinkle, or any such thing; but that it should be holy and without blemish.",0.535827041
49005028,Ephesians,5,28,So ought men to love their wives as their own bodies. He that loveth his wife loveth himself.,0.077425405
49005029,Ephesians,5,29,"For no man ever yet hated his own flesh; but nourisheth and cherisheth it, even as the Lord the church:",0.049516693
49005030,Ephesians,5,30,"For we are members of his body, of his flesh, and of his bones.",0.998497486
49005031,Ephesians,5,31,"For this cause shall a man leave his father and mother, and shall be joined unto his wife, and they two shall be one flesh.",0.852118909
49005032,Ephesians,5,32,This is a great mystery: but I speak concerning Christ and the church.,0.995824099
49005033,Ephesians,5,33,Nevertheless let every one of you in particular so love his wife even as himself; and the wife see that she reverence her husband.,0.021730846
49006001,Ephesians,6,1,"Children, obey your parents in the Lord: for this is right.",0.030665796
49006002,Ephesians,6,2,Honour thy father and mother; which is the first commandment with promise;,0.004819986
49006003,Ephesians,6,3,"That it may be well with thee, and thou mayest live long on the earth.",0.433164179
49006004,Ephesians,6,4,"And, ye fathers, provoke not your children to wrath: but bring them up in the nurture and admonition of the Lord.",0.002782624
49006005,Ephesians,6,5,"Servants, be obedient to them that are your masters according to the flesh, with fear and trembling, in singleness of your heart, as unto Christ;",0.025445011
49006006,Ephesians,6,6,"Not with eyeservice, as menpleasers; but as the servants of Christ, doing the will of God from the heart;",0.306158632
49006007,Ephesians,6,7,"With good will doing service, as to the Lord, and not to men:",0.998566329
49006008,Ephesians,6,8,"Knowing that whatsoever good thing any man doeth, the same shall he receive of the Lord, whether he be bond or free.",0.821349323
49006009,Ephesians,6,9,"And, ye masters, do the same things unto them, forbearing threatening: knowing that your Master also is in heaven; neither is there respect of persons with him.",0.004330433
49006010,Ephesians,6,10,"Finally, my brethren, be strong in the Lord, and in the power of his might.",0.998172641
49006011,Ephesians,6,11,"Put on the whole armour of God, that ye may be able to stand against the wiles of the devil.",0.10875725
49006012,Ephesians,6,12,"For we wrestle not against flesh and blood, but against principalities, against powers, against the rulers of the darkness of this world, against spiritual wickedness in high places.",0.950355113
49006013,Ephesians,6,13,"Wherefore take unto you the whole armour of God, that ye may be able to withstand in the evil day, and having done all, to stand.",0.80825603
49006014,Ephesians,6,14,"Stand therefore, having your loins girt about with truth, and having on the breastplate of righteousness;",0.0789093
49006015,Ephesians,6,15,And your feet shod with the preparation of the gospel of peace;,0.934132934
49006016,Ephesians,6,16,"Above all, taking the shield of faith, wherewith ye shall be able to quench all the fiery darts of the wicked.",0.014638026
49006017,Ephesians,6,17,"And take the helmet of salvation, and the sword of the Spirit, which is the word of God:",0.813503087
49006018,Ephesians,6,18,"Praying always with all prayer and supplication in the Spirit, and watching thereunto with all perseverance and supplication for all saints;",0.721064568
49006019,Ephesians,6,19,"And for me, that utterance may be given unto me, that I may open my mouth boldly, to make known the mystery of the gospel,",0.994625509
49006020,Ephesians,6,20,"For which I am an ambassador in bonds: that therein I may speak boldly, as I ought to speak.",0.999117315
49006021,Ephesians,6,21,"But that ye also may know my affairs, and how I do, Tychicus, a beloved brother and faithful minister in the Lord, shall make known to you all things:",0.998187125
49006022,Ephesians,6,22,"Whom I have sent unto you for the same purpose, that ye might know our affairs, and that he might comfort your hearts.",0.375157177
49006023,Ephesians,6,23,"Peace be to the brethren, and love with faith, from God the Father and the Lord Jesus Christ.",0.017665833
49006024,Ephesians,6,24,Grace be with all them that love our Lord Jesus Christ in sincerity. Amen.,0.045174442
51001001,Colossians,1,1,"Paul, an apostle of Jesus Christ by the will of God, and Timotheus our brother,",0.161955476
51001002,Colossians,1,2,"To the saints and faithful brethren in Christ which are at Colosse: Grace be unto you, and peace, from God our Father and the Lord Jesus Christ.",0.886692941
51001003,Colossians,1,3,"We give thanks to God and the Father of our Lord Jesus Christ, praying always for you,",0.670364022
51001004,Colossians,1,4,"Since we heard of your faith in Christ Jesus, and of the love which ye have to all the saints,",0.9811396
51001005,Colossians,1,5,"For the hope which is laid up for you in heaven, whereof ye heard before in the word of the truth of the gospel;",0.177437991
51001006,Colossians,1,6,"Which is come unto you, as it is in all the world; and bringeth forth fruit, as it doth also in you, since the day ye heard of it, and knew the grace of God in truth:",0.000911583
51001007,Colossians,1,7,"As ye also learned of Epaphras our dear fellowservant, who is for you a faithful minister of Christ;",0.993848383
51001008,Colossians,1,8,Who also declared unto us your love in the Spirit.,0.925163448
51001009,Colossians,1,9,"For this cause we also, since the day we heard it, do not cease to pray for you, and to desire that ye might be filled with the knowledge of his will in all wisdom and spiritual understanding;",0.040437423
51001010,Colossians,1,10,"That ye might walk worthy of the Lord unto all pleasing, being fruitful in every good work, and increasing in the knowledge of God;",0.937354207
51001011,Colossians,1,11,"Strengthened with all might, according to his glorious power, unto all patience and longsuffering with joyfulness;",0.073424883
51001012,Colossians,1,12,"Giving thanks unto the Father, which hath made us meet to be partakers of the inheritance of the saints in light:",0.007734843
51001013,Colossians,1,13,"Who hath delivered us from the power of darkness, and hath translated us into the kingdom of his dear Son:",0.00307104
51001014,Colossians,1,14,"In whom we have redemption through his blood, even the forgiveness of sins:",0.166234747
51001015,Colossians,1,15,"Who is the image of the invisible God, the firstborn of every creature:",0.075745203
51001016,Colossians,1,16,"For by him were all things created, that are in heaven, and that are in earth, visible and invisible, whether they be thrones, or dominions, or principalities, or powers: all things were created by him, and for him:",0.302195996
51001017,Colossians,1,17,"And he is before all things, and by him all things consist.",0.890321732
51001018,Colossians,1,18,"And he is the head of the body, the church: who is the beginning, the firstborn from the dead; that in all things he might have the preeminence.",0.031168502
51001019,Colossians,1,19,For it pleased the Father that in him should all fulness dwell;,0.995723724
51001020,Colossians,1,20,"And, having made peace through the blood of his cross, by him to reconcile all things unto himself; by him, I say, whether they be things in earth, or things in heaven.",0.98452121
51001021,Colossians,1,21,"And you, that were sometime alienated and enemies in your mind by wicked works, yet now hath he reconciled",0.047571275
51001022,Colossians,1,22,"In the body of his flesh through death, to present you holy and unblameable and unreproveable in his sight:",0.970615327
51001023,Colossians,1,23,"If ye continue in the faith grounded and settled, and be not moved away from the hope of the gospel, which ye have heard, and which was preached to every creature which is under heaven; whereof I Paul am made a minister;",0.976657391
51001024,Colossians,1,24,"Who now rejoice in my sufferings for you, and fill up that which is behind of the afflictions of Christ in my flesh for his body's sake, which is the church:",0.984619796
51001025,Colossians,1,25,"Whereof I am made a minister, according to the dispensation of God which is given to me for you, to fulfil the word of God;",0.999337971
51001026,Colossians,1,26,"Even the mystery which hath been hid from ages and from generations, but now is made manifest to his saints:",0.029115751
51001027,Colossians,1,27,"To whom God would make known what is the riches of the glory of this mystery among the Gentiles; which is Christ in you, the hope of glory:",0.99929297
51001028,Colossians,1,28,"Whom we preach, warning every man, and teaching every man in all wisdom; that we may present every man perfect in Christ Jesus:",0.961636484
51001029,Colossians,1,29,"Whereunto I also labour, striving according to his working, which worketh in me mightily.",0.749171913
51002001,Colossians,2,1,"For I would that ye knew what great conflict I have for you, and for them at Laodicea, and for as many as have not seen my face in the flesh;",0.999428451
51002002,Colossians,2,2,"That their hearts might be comforted, being knit together in love, and unto all riches of the full assurance of understanding, to the acknowledgement of the mystery of God, and of the Father, and of Christ;",0.505482912
51002003,Colossians,2,3,In whom are hid all the treasures of wisdom and knowledge.,0.03050467
51002004,Colossians,2,4,"And this I say, lest any man should beguile you with enticing words.",0.980874896
51002005,Colossians,2,5,"For though I be absent in the flesh, yet am I with you in the spirit, joying and beholding your order, and the stedfastness of your faith in Christ.",0.999253213
51002006,Colossians,2,6,"As ye have therefore received Christ Jesus the Lord, so walk ye in him:",0.996174812
51002007,Colossians,2,7,"Rooted and built up in him, and stablished in the faith, as ye have been taught, abounding therein with thanksgiving.",0.019647429
51002008,Colossians,2,8,"Beware lest any man spoil you through philosophy and vain deceit, after the tradition of men, after the rudiments of the world, and not after Christ.",0.009626011
51002009,Colossians,2,9,For in him dwelleth all the fulness of the Godhead bodily.,0.995741248
51002010,Colossians,2,10,"And ye are complete in him, which is the head of all principality and power:",0.939071357
51002011,Colossians,2,11,"In whom also ye are circumcised with the circumcision made without hands, in putting off the body of the sins of the flesh by the circumcision of Christ:",0.997491717
51002012,Colossians,2,12,"Buried with him in baptism, wherein also ye are risen with him through the faith of the operation of God, who hath raised him from the dead.",0.719521821
51002013,Colossians,2,13,"And you, being dead in your sins and the uncircumcision of your flesh, hath he quickened together with him, having forgiven you all trespasses;",0.044950206
51002014,Colossians,2,14,"Blotting out the handwriting of ordinances that was against us, which was contrary to us, and took it out of the way, nailing it to his cross;",0.014728954
51002015,Colossians,2,15,"And having spoiled principalities and powers, he made a shew of them openly, triumphing over them in it.",0.723524094
51002016,Colossians,2,16,"Let no man therefore judge you in meat, or in drink, or in respect of an holyday, or of the new moon, or of the sabbath days:",0.98656112
51002017,Colossians,2,17,Which are a shadow of things to come; but the body is of Christ.,0.986292958
51002018,Colossians,2,18,"Let no man beguile you of your reward in a voluntary humility and worshipping of angels, intruding into those things which he hath not seen, vainly puffed up by his fleshly mind,",0.024509011
51002019,Colossians,2,19,"And not holding the Head, from which all the body by joints and bands having nourishment ministered, and knit together, increaseth with the increase of God.",0.13848184
51002020,Colossians,2,20,"Wherefore if ye be dead with Christ from the rudiments of the world, why, as though living in the world, are ye subject to ordinances,",0.996846497
51002021,Colossians,2,21,(Touch not; taste not; handle not;,0.9939996
51002022,Colossians,2,22,Which all are to perish with the using;) after the commandments and doctrines of men?,0.983654916
51002023,Colossians,2,23,"Which things have indeed a shew of wisdom in will worship, and humility, and neglecting of the body: not in any honour to the satisfying of the flesh.",0.753296673
51003001,Colossians,3,1,"If ye then be risen with Christ, seek those things which are above, where Christ sitteth on the right hand of God.",0.227533832
51003002,Colossians,3,2,"Set your affection on things above, not on things on the earth.",0.111401282
51003003,Colossians,3,3,"For ye are dead, and your life is hid with Christ in God.",0.999601305
51003004,Colossians,3,4,"When Christ, who is our life, shall appear, then shall ye also appear with him in glory.",0.556996405
51003005,Colossians,3,5,"Mortify therefore your members which are upon the earth; fornication, uncleanness, inordinate affection, evil concupiscence, and covetousness, which is idolatry:",0.007470844
51003006,Colossians,3,6,For which things' sake the wrath of God cometh on the children of disobedience:,0.821874142
51003007,Colossians,3,7,"In the which ye also walked some time, when ye lived in them.",0.988776267
51003008,Colossians,3,8,"But now ye also put off all these; anger, wrath, malice, blasphemy, filthy communication out of your mouth.",0.026687501
51003009,Colossians,3,9,"Lie not one to another, seeing that ye have put off the old man with his deeds;",0.00086692
51003010,Colossians,3,10,"And have put on the new man, which is renewed in knowledge after the image of him that created him:",0.028093845
51003011,Colossians,3,11,"Where there is neither Greek nor Jew, circumcision nor uncircumcision, Barbarian, Scythian, bond nor free: but Christ is all, and in all.",0.98358953
51003012,Colossians,3,12,"Put on therefore, as the elect of God, holy and beloved, bowels of mercies, kindness, humbleness of mind, meekness, longsuffering;",0.002029191
51003013,Colossians,3,13,"Forbearing one another, and forgiving one another, if any man have a quarrel against any: even as Christ forgave you, so also do ye.",0.263633102
51003014,Colossians,3,14,"And above all these things put on charity, which is the bond of perfectness.",0.958026886
51003015,Colossians,3,15,"And let the peace of God rule in your hearts, to the which also ye are called in one body; and be ye thankful.",0.949122012
51003016,Colossians,3,16,"Let the word of Christ dwell in you richly in all wisdom; teaching and admonishing one another in psalms and hymns and spiritual songs, singing with grace in your hearts to the Lord.",0.029412251
51003017,Colossians,3,17,"And whatsoever ye do in word or deed, do all in the name of the Lord Jesus, giving thanks to God and the Father by him.",0.60678947
51003018,Colossians,3,18,"Wives, submit yourselves unto your own husbands, as it is fit in the Lord.",0.933162034
51003019,Colossians,3,19,"Husbands, love your wives, and be not bitter against them.",0.013659084
51003020,Colossians,3,20,"Children, obey your parents in all things: for this is well pleasing unto the Lord.",0.008509299
51003021,Colossians,3,21,"Fathers, provoke not your children to anger, lest they be discouraged.",0.002060427
51003022,Colossians,3,22,"Servants, obey in all things your masters according to the flesh; not with eyeservice, as menpleasers; but in singleness of heart, fearing God;",0.015440086
51003023,Colossians,3,23,"And whatsoever ye do, do it heartily, as to the Lord, and not unto men;",0.666918397
51003024,Colossians,3,24,Knowing that of the Lord ye shall receive the reward of the inheritance: for ye serve the Lord Christ.,0.228080571
51003025,Colossians,3,25,But he that doeth wrong shall receive for the wrong which he hath done: and there is no respect of persons.,0.433583915
51004001,Colossians,4,1,"Masters, give unto your servants that which is just and equal; knowing that ye also have a Master in heaven.",0.001905727
51004002,Colossians,4,2,"Continue in prayer, and watch in the same with thanksgiving;",0.157274023
51004003,Colossians,4,3,"Withal praying also for us, that God would open unto us a door of utterance, to speak the mystery of Christ, for which I am also in bonds:",0.999325752
51004004,Colossians,4,4,"That I may make it manifest, as I ought to speak.",0.999107182
51004005,Colossians,4,5,"Walk in wisdom toward them that are without, redeeming the time.",0.008540574
51004006,Colossians,4,6,"Let your speech be alway with grace, seasoned with salt, that ye may know how ye ought to answer every man.",0.985593021
51004007,Colossians,4,7,"All my state shall Tychicus declare unto you, who is a beloved brother, and a faithful minister and fellowservant in the Lord:",0.95182693
51004008,Colossians,4,8,"Whom I have sent unto you for the same purpose, that he might know your estate, and comfort your hearts;",0.233788371
51004009,Colossians,4,9,"With Onesimus, a faithful and beloved brother, who is one of you. They shall make known unto you all things which are done here.",0.071095534
51004010,Colossians,4,10,"Aristarchus my fellowprisoner saluteth you, and Marcus, sister's son to Barnabas, (touching whom ye received commandments: if he come unto you, receive him;)",0.036818709
51004011,Colossians,4,11,"And Jesus, which is called Justus, who are of the circumcision. These only are my fellowworkers unto the kingdom of God, which have been a comfort unto me.",0.995588899
51004012,Colossians,4,12,"Epaphras, who is one of you, a servant of Christ, saluteth you, always labouring fervently for you in prayers, that ye may stand perfect and complete in all the will of God.",0.038523514
51004013,Colossians,4,13,"For I bear him record, that he hath a great zeal for you, and them that are in Laodicea, and them in Hierapolis.",0.881242037
51004014,Colossians,4,14,"Luke, the beloved physician, and Demas, greet you.",0.027718272
51004015,Colossians,4,15,"Salute the brethren which are in Laodicea, and Nymphas, and the church which is in his house.",0.778667152
51004016,Colossians,4,16,"And when this epistle is read among you, cause that it be read also in the church of the Laodiceans; and that ye likewise read the epistle from Laodicea.",0.931845963
51004017,Colossians,4,17,"And say to Archippus, Take heed to the ministry which thou hast received in the Lord, that thou fulfil it.",0.676213443
51004018,Colossians,4,18,The salutation by the hand of me Paul. Remember my bonds. Grace be with you. Amen.,0.60948503
53001001,2 Thessalonians,1,1,"Paul, and Silvanus, and Timotheus, unto the church of the Thessalonians in God our Father and the Lord Jesus Christ:",0.23137033
53001002,2 Thessalonians,1,2,"Grace unto you, and peace, from God our Father and the Lord Jesus Christ.",0.593758464
53001003,2 Thessalonians,1,3,"We are bound to thank God always for you, brethren, as it is meet, because that your faith groweth exceedingly, and the charity of every one of you all toward each other aboundeth;",0.940825939
53001004,2 Thessalonians,1,4,So that we ourselves glory in you in the churches of God for your patience and faith in all your persecutions and tribulations that ye endure:,0.999596179
53001005,2 Thessalonians,1,5,"Which is a manifest token of the righteous judgment of God, that ye may be counted worthy of the kingdom of God, for which ye also suffer:",0.989754975
53001006,2 Thessalonians,1,6,Seeing it is a righteous thing with God to recompense tribulation to them that trouble you;,0.665409684
53001007,2 Thessalonians,1,7,"And to you who are troubled rest with us, when the Lord Jesus shall be revealed from heaven with his mighty angels,",0.162675053
53001008,2 Thessalonians,1,8,"In flaming fire taking vengeance on them that know not God, and that obey not the gospel of our Lord Jesus Christ:",0.006784989
53001009,2 Thessalonians,1,9,"Who shall be punished with everlasting destruction from the presence of the Lord, and from the glory of his power;",0.020255191
53001010,2 Thessalonians,1,10,"When he shall come to be glorified in his saints, and to be admired in all them that believe (because our testimony among you was believed) in that day.",0.020233417
53001011,2 Thessalonians,1,11,"Wherefore also we pray always for you, that our God would count you worthy of this calling, and fulfil all the good pleasure of his goodness, and the work of faith with power:",0.759712636
53001012,2 Thessalonians,1,12,"That the name of our Lord Jesus Christ may be glorified in you, and ye in him, according to the grace of our God and the Lord Jesus Christ.",0.05107677
53002001,2 Thessalonians,2,1,"Now we beseech you, brethren, by the coming of our Lord Jesus Christ, and by our gathering together unto him,",0.999331772
53002002,2 Thessalonians,2,2,"That ye be not soon shaken in mind, or be troubled, neither by spirit, nor by word, nor by letter as from us, as that the day of Christ is at hand.",0.853646576
53002003,2 Thessalonians,2,3,"Let no man deceive you by any means: for that day shall not come, except there come a falling away first, and that man of sin be revealed, the son of perdition;",0.012814655
53002004,2 Thessalonians,2,4,"Who opposeth and exalteth himself above all that is called God, or that is worshipped; so that he as God sitteth in the temple of God, shewing himself that he is God.",0.22613889
53002005,2 Thessalonians,2,5,"Remember ye not, that, when I was yet with you, I told you these things?",0.568133116
53002006,2 Thessalonians,2,6,And now ye know what withholdeth that he might be revealed in his time.,0.440340072
53002007,2 Thessalonians,2,7,"For the mystery of iniquity doth already work: only he who now letteth will let, until he be taken out of the way.",0.96502322
53002008,2 Thessalonians,2,8,"And then shall that Wicked be revealed, whom the Lord shall consume with the spirit of his mouth, and shall destroy with the brightness of his coming:",0.054289151
53002009,2 Thessalonians,2,9,"Even him, whose coming is after the working of Satan with all power and signs and lying wonders,",0.149739981
53002010,2 Thessalonians,2,10,"And with all deceivableness of unrighteousness in them that perish; because they received not the love of the truth, that they might be saved.",0.00333839
53002011,2 Thessalonians,2,11,"And for this cause God shall send them strong delusion, that they should believe a lie:",0.050595582
53002012,2 Thessalonians,2,12,"That they all might be damned who believed not the truth, but had pleasure in unrighteousness.",0.785631299
53002013,2 Thessalonians,2,13,"But we are bound to give thanks alway to God for you, brethren beloved of the Lord, because God hath from the beginning chosen you to salvation through sanctification of the Spirit and belief of the truth:",0.762617111
53002014,2 Thessalonians,2,14,"Whereunto he called you by our gospel, to the obtaining of the glory of our Lord Jesus Christ.",0.72764945
53002015,2 Thessalonians,2,15,"Therefore, brethren, stand fast, and hold the traditions which ye have been taught, whether by word, or our epistle.",0.110180527
53002016,2 Thessalonians,2,16,"Now our Lord Jesus Christ himself, and God, even our Father, which hath loved us, and hath given us everlasting consolation and good hope through grace,",0.206290081
53002017,2 Thessalonians,2,17,"Comfort your hearts, and stablish you in every good word and work.",0.007996913
53003001,2 Thessalonians,3,1,"Finally, brethren, pray for us, that the word of the Lord may have free course, and be glorified, even as it is with you:",0.832474232
53003002,2 Thessalonians,3,2,And that we may be delivered from unreasonable and wicked men: for all men have not faith.,0.962215483
53003003,2 Thessalonians,3,3,"But the Lord is faithful, who shall stablish you, and keep you from evil.",0.925065815
53003004,2 Thessalonians,3,4,"And we have confidence in the Lord touching you, that ye both do and will do the things which we command you.",0.994976819
53003005,2 Thessalonians,3,5,"And the Lord direct your hearts into the love of God, and into the patient waiting for Christ.",0.913772225
53003006,2 Thessalonians,3,6,"Now we command you, brethren, in the name of our Lord Jesus Christ, that ye withdraw yourselves from every brother that walketh disorderly, and not after the tradition which he received of us.",0.989269316
53003007,2 Thessalonians,3,7,For yourselves know how ye ought to follow us: for we behaved not ourselves disorderly among you;,0.994874299
53003008,2 Thessalonians,3,8,"Neither did we eat any man's bread for nought; but wrought with labour and travail night and day, that we might not be chargeable to any of you:",0.999057472
53003009,2 Thessalonians,3,9,"Not because we have not power, but to make ourselves an ensample unto you to follow us.",0.99401021
53003010,2 Thessalonians,3,10,"For even when we were with you, this we commanded you, that if any would not work, neither should he eat.",0.992292404
53003011,2 Thessalonians,3,11,"For we hear that there are some which walk among you disorderly, working not at all, but are busybodies.",0.928345919
53003012,2 Thessalonians,3,12,"Now them that are such we command and exhort by our Lord Jesus Christ, that with quietness they work, and eat their own bread.",0.367723525
53003013,2 Thessalonians,3,13,"But ye, brethren, be not weary in well doing.",0.680564284
53003014,2 Thessalonians,3,14,"And if any man obey not our word by this epistle, note that man, and have no company with him, that he may be ashamed.",0.122934803
53003015,2 Thessalonians,3,15,"Yet count him not as an enemy, but admonish him as a brother.",0.919201612
53003016,2 Thessalonians,3,16,Now the Lord of peace himself give you peace always by all means. The Lord be with you all.,0.999752223
53003017,2 Thessalonians,3,17,"The salutation of Paul with mine own hand, which is the token in every epistle: so I write.",0.99028033
53003018,2 Thessalonians,3,18,The grace of our Lord Jesus Christ be with you all. Amen.,0.999487638